iteration,initialisation_time,insertion_time,memory_usage_initialisation,memory_usage_insertion
1,0.583815,0.309373,0.43359375,2.6875
2,0.545362,0.329872,0.0,3.4921875
3,0.550796,0.64005,0.0,0.9765625
4,0.563721,0.453229,0.0,1.01953125
5,0.568964,0.52588,0.0,1.94921875
6,0.575311,0.449667,0.0,0.015625
7,0.577006,0.44364,0.00390625,1.0078125
8,0.571986,0.486627,0.0,1.97265625
9,0.600619,0.457223,0.0,-0.01171875
10,0.599516,0.478437,0.0,0.98046875
initialisation_mean,0.5737096
initialisation_std,0.017203252804048434
insertion_mean,0.45739979999999997
insertion_std,0.08819821697154653
initialisation_p90,0.5996263000000001
insertion_p90,0.537297
memory_usage_init_mean,0.04375
memory_usage_init_std,0.1299531353327518
memory_usage_insert_mean,1.408984375
memory_usage_insert_std,1.0595749747881296
